CLM_NBR,SUB_DTL_DESC_U,ATTY_REPRSNT_IND,ACCEPTED_SETTLEMENT,ACDNT_CITY,ACDNT_ST_ABBR,ACDNT_WITNS_IND,AIA_POSTNS_1_AND_2_CD,AIA_POSTNS_3_AND_4_CD,ALL_VEH_DRVBL_IND,AMBLNC_USED_IND,CLMNT_FATALITY_IND,CLM_JRSDTN_ST_ABBR,COL_CD,DRV_AGE_AT_TIME_OF_LOSS,INSRD_CONSENT_TO_SETL_IND,MAJ_PERL_CD,NBR_OF_VEHS_INVLVD_IN_ACDNT_CD,OFFER,RISK_ST_CD,Claim Note,Model_probabibilty,Reviewed,Confidence Score,Short Rationale
85-155998,Commercial Auto BI,1,0,San Antonio,UT,N,Y4,J4,Y,Y,N,UT,rearendacc,86,U,100,3,0,NY,"Yesterday, contacted the doctor about the claimant's progress. The story covers Notes related to workers compensation claims, including injuries and medical treatment. As of now, the file remains open for review.",0.99284631,1,0.80 (High),Injury claim with ongoing medical treatment; file remains open and unresolved.
85-091686,Commercial Auto BI,1,0,New Orleans,FL,N,Y4,J4,N,Y,N,FL,leftcenterline,22,U,100,2,0,FL,"On July 28, reviewed liability and coverage details. At issue is Notes related to property damage claims, including vehicle damage and repairs. Therefore, the attorney indicated they would follow up.",0.989196062,1,0.85 (Very High),Coverage review completed and attorney explicitly indicated follow-up.
85-481679,Commercial Auto BI,1,5366,Baltimore,MD,N,Y4,J3,Y,N,N,MD,multvehcoll,5,U,100,2,8078,MD,"Today, reviewed liability and coverage details. The note describes Notes related to property damage claims, including vehicle damage and repairs. Therefore, the attorney indicated they would follow up.",0.986178935,1,0.85 (Very High),Repeated coverage review with attorney follow-up noted; strong rep signal.
85-874397,Commercial Auto BI,1,0,Baltimore,CT,N,Y4,J4,N,N,N,CT,rearendacc,32,U,100,3,0,CT,"Recently, spoke with the medical provider regarding treatment. Consequently, the claimant requested more time to provide documentation. It concerns Notes related to workers compensation claims, including injuries and medical treatment.",0.984878719,1,0.78 (High),Medical treatment ongoing and documentation delayed at claimant request.
85-085611,Commercial Auto BI,1,0,New York,FL,N,Y4,J3,Y,Y,N,FL,rearend,86,U,100,2,0,FL,"Earlier this month, reviewed liability and coverage details. This claim involves Notes related to commercial insurance claims, including property damage and liability. Currently, further follow-up will be required.",0.981001556,1,0.72 (High),Liability and coverage under review with additional follow-up required.
85-709762,Commercial Auto BI,1,0,San Antonio,TX,N,NN,2,N,N,N,TX,backing,12,U,100,3,0,TX,"This afternoon, received updated records from the claimant. The claim relates to Notes related to workers compensation claims, including injuries and medical treatment. At this time, additional information is still pending.",0.97830385,1,0.82 (High),Injury claim with pending medical information despite recent records received.
85-338308,Commercial Auto BI,1,0,Detroit,MI,N,Y4,J4,N,N,N,MI,rearend,34,U,100,2,0,NY,"Earlier this month, left a voicemail requesting a return call regarding the workers compensation claims matter. with focus on lost time, medical treatment and injury. This matter deals with Notes related to workers compensation claims, including injuries and medical treatment. At this time, the file remains open for review.",0.976816118,0,,
85-009905,Commercial Auto BI,1,0,Baltimore,MD,Y,Y4,J4,N,N,N,MD,rearendacc,39,U,100,2,0,MD,"This morning, received medical bills and treatment notes. Consequently, the claimant requested more time to provide documentation. This claim involves Notes related to commercial insurance claims, including property damage and liability.",0.975338817,0,,
85-380785,Commercial Auto BI,1,0,Philadelphia,CT,Y,NN,J4,N,Y,N,CT,vehcollision,0,U,115,3,0,CT,"Earlier this month, contacted the doctor about the claimant's progress regarding the property damage claims matter. with respect to property damage and vehicle damage. The story covers Notes related to property damage claims, including vehicle damage and repairs. Consequently, awaiting documentation.",0.974987507,0,,
85-655696,Commercial Auto BI,1,0,Unknown,NC,N,Y4,J4,N,N,N,UT,passingsideswipe,33,U,100,3,0,NC,"Today, spoke with the medical provider regarding treatment. involving property damage and business interruption. Consequently, the file will continue to be monitored. This file is about Notes related to commercial insurance claims, including property damage and liability. Further information reflects fire damaged building and crane caught fire and water mitigation and asbestos abatement",0.974870741,0,,
85-667892,Commercial Auto BI,1,0,Baltimore,MD,N,NN,1,N,N,N,MD,lanecharge,5,U,100,2,0,IN,"Yesterday, requested additional documentation from the claimant. covering insurance claim, liability and vehicle accident. However, the claimant requested more time to provide documentation. This file is about Notes related to vehicle accidents, liability and insurance claims.",0.974676967,0,,
85-240257,Commercial Auto BI,1,0,Philadelphia,NJ,N,NN,J3,N,N,N,NJ,vehcollision,86,U,501,2,0,NJ,"Today, attempted to reach the attorney assigned to the file. It concerns Notes related to vehicle accidents, liability and insurance claims. Consequently, the claimant is scheduled for a follow-up appointment.",0.974189222,0,,
85-432063,Commercial Auto BI,1,0,Phoenix,MA,N,Y4,J3,N,N,N,MA,lefthandturn,64,U,100,2,0,OH,"On November 05, contacted the doctor about the claimant's progress. This matter deals with Notes related to property damage claims, including vehicle damage and repairs. additional information is still pending.",0.972921491,0,,
85-126368,Commercial Auto BI,1,0,Dallas,TX,Y,NN,J4,N,Y,N,TX,lanecharge,24,U,100,3,0,MI,"Recently, verified the status of the claim file. with focus on injury, lost time and medical treatment. Therefore, the attorney has yet to respond. This claim involves Notes related to workers compensation claims, including injuries and medical treatment.",0.972169697,0,,
85-387175,Commercial Auto BI,1,0,New Orleans,CT,N,Y4,7,N,N,N,CT,vehcollision,0,U,100,2,0,CT,"This morning, reviewed the claim handling plan and next steps. involving claims. Currently, medical records are still outstanding. This file is about Claims involving underinsured motorist coverage and litigation. It's noted that lor recd forward letter and attorney office handling aspects claim and UIM claim",0.971459627,0,,
85-217055,Commercial Auto BI,1,0,Portland,OR,N,Y4,J4,N,N,N,OR,multvehcoll,9,U,100,4,0,LA,"This morning, checked the diary for pending follow-ups. It concerns Notes related to property damage claims, including vehicle damage and repairs. As of now, there is a gap in treatment requiring clarification.",0.971237898,0,,
85-264693,Commercial Auto BI,1,0,New Orleans,LA,N,NN,6,N,N,N,LA,IntersectonAcc,34,U,100,2,0,LA,"This afternoon, requested additional documentation from the claimant. The note describes Notes related to commercial insurance claims, including property damage and liability. Currently, medical records are still outstanding.",0.970340192,0,,
85-203911,Commercial Auto BI,1,0,Sterling Heights,MI,N,Y4,J4,N,N,N,MI,IntersectonAcc,89,U,100,4,0,CA,"Yesterday, received medical bills and treatment notes. This claim case focuses on Notes related to workers compensation claims, including injuries and medical treatment. As of now, treatment appears to be ongoing.",0.969423115,0,,
85-513948,Commercial Auto BI,1,0,New Orleans,LA,Y,NN,J4,N,N,N,LA,lanecharge,8,U,100,3,0,FL,"This afternoon, discussed the claim with the adjuster team. with focus on insurance claim. Therefore, the claimant is scheduled for a follow-up appointment. This matter deals with Notes related to property damage claims, including vehicle damage and repairs. It's noted that damaged part came tomorrow and vehicle drivable and door doesn't work properly and total loss",0.96862191,0,,
85-622676,Commercial Auto BI,1,0,San Antonio,TX,N,Y4,J4,N,N,N,TN,fixedobjcoll,0,U,100,2,0,PA,"This afternoon, spoke with the claimant about the status. This claim case focuses on Notes related to commercial insurance claims, including property damage and liability. At this time, the file will continue to be monitored.",0.96846056,0,,
85-037221,Commercial Auto BI,1,0,Los Angeles,CA,N,Y4,J3,N,N,N,CA,rearendacc,24,U,100,2,0,OH,"As of August 09, requested additional documentation from the claimant. This matter deals with Notes related to vehicle accidents, liability and insurance claims. At this time, the insured has not responded.",0.96723783,0,,
85-384205,Commercial Auto BI,1,0,Baltimore,MD,N,NN,J4,N,Y,N,MD,vehcollision,15,U,100,3,0,TX,"Yesterday, checked the diary for pending follow-ups regarding the commercial insurance claims matter. The case revolves around Notes related to commercial insurance claims, including property damage and liability. the attorney has yet to respond.",0.966341734,0,,
85-047118,Commercial Auto BI,1,0,New York,NY,N,Y4,J4,N,N,N,NY,rearend,0,U,501,3,0,GA,"As of August 08, spoke with the medical provider regarding treatment. involving medical treatment, lost time and workers compensation. As of now, no new updates were provided. The note describes Notes related to workers compensation claims, including injuries and medical treatment. Additional notes mention strained left shoulder and tore rotator cuff and cat bite right hand",0.965908825,0,,
85-247536,Commercial Auto BI,1,0,Unknown,OH,N,NN,J4,Y,N,N,OH,passingsideswipe,6,U,100,3,0,OH,"Earlier this month, sent an email requesting updates. This claim case focuses on Notes related to workers compensation claims, including injuries and medical treatment. treatment appears to be ongoing.",0.965507746,0,,
85-791211,Commercial Auto BI,1,0,Philadelphia,UT,N,Y4,J7,N,Y,N,UT,vehcollision,43,U,100,3,0,UT,"This morning, attempted to contact the insured party. The claim relates to Claim rekeyed for special accounting purposes. As of now, further follow-up will be required.",0.964531004,0,,
85-076294,Commercial Auto BI,1,0,Baltimore,MD,N,NN,J4,N,Y,N,MD,vehcollision,1,U,100,2,0,MD,"Earlier this week, reviewed the claim handling plan and next steps. The note describes Notes related to property damage claims, including vehicle damage and repairs. However, additional information is still pending.",0.964245856,0,,
85-202100,Commercial Auto BI,1,0,Unknown,NJ,N,NN,J7,N,Y,N,NJ,lanecharge,26,U,100,2,0,NJ,"On December 07, received medical bills and treatment notes. This matter deals with Notes related to commercial insurance claims, including property damage and liability. Consequently, there is a gap in treatment requiring clarification.",0.962526858,0,,
85-138612,Commercial Auto BI,1,693,New Orleans,LA,N,Y4,J3,N,N,N,LA,rearendacc,27,U,100,2,1229,CA,"Yesterday, received medical bills and treatment notes. The story covers Notes related to vehicle accidents, liability and insurance claims. Therefore, medical records are still outstanding.",0.961278856,0,,
85-490219,Commercial Auto BI,1,0,Philadelphia,PA,N,Y4,J4,N,Y,N,PA,lanecharge,30,U,100,2,0,PA,"This morning, spoke with the claimant about the status. . At this time, further follow-up will be required. The claim relates to Notes related to vehicle accidents, liability and insurance claims. Further details show heavy front end damage and internal injury requiring surgery and pelvic bone fractures and fractured lower lumber back",0.959652245,0,,
85-474302,Commercial Auto BI,1,0,Atlanta,FL,N,NN,J4,N,Y,N,FL,lanecharge,74,U,100,5,0,FL,"Today, monitored the claim file for new developments regarding the vehicle accident liability matter. This file is about Notes related to vehicle accidents, liability and insurance claims. As of now, additional information is still pending.",0.958992302,0,,
85-367745,Commercial Auto BI,1,0,Phoenix,AZ,N,Y4,J4,N,Y,N,AZ,fixedobjcoll,0,U,100,3,0,AZ,"On December 20, initiated discussion with case manager on next steps regarding the workers compensation claims matter. It concerns Notes related to workers compensation claims, including injuries and medical treatment. Currently, the file remains open for review.",0.958915353,0,,
85-382839,Commercial Auto BI,1,0,Unknown,FL,N,Y4,J4,N,N,N,MI,rearendacc,59,U,100,3,0,FL,"Recently, spoke with the claimant about the status. This claim involves Notes related to vehicle accidents, liability and insurance claims. with focus on injuries. However, the claimant is scheduled for a follow-up appointment. Additional notes mention heavy front end damage and internal injury requiring surgery and pelvic bone fractures and fractured lower lumber back",0.957455993,0,,
85-638439,Commercial Auto BI,1,0,New York,FL,N,Y4,J7,N,Y,N,FL,rearend,91,U,100,2,0,FL,"This morning, received updated records from the claimant regarding the claim rekey matter. covering claim rekey and special accounting. This claim involves Claim rekeyed for special accounting purposes. the claim is pending further review.",0.956330836,0,,
85-616659,Commercial Auto BI,1,0,Baltimore,MN,N,Y4,1,N,Y,N,MN,rearendacc,null,U,100,3,0,MN,"Recently, initiated discussion with case manager on next steps. covering lost time. At this time, the claimant requested more time to provide documentation. This matter deals with Notes related to workers compensation claims, including injuries and medical treatment.",0.953163862,0,,
85-573349,Commercial Auto BI,1,0,Los Angeles,VA,Y,Y4,J4,N,N,N,VA,vehcollision,11,U,100,2,0,VA,"Recently, checked the diary for pending follow-ups. The claim relates to Claim rekeyed for special accounting purposes. the attorney indicated they would follow up.",0.952589035,0,,
85-754441,Commercial Auto BI,1,0,Philadelphia,NH,N,Y4,2,N,Y,N,CT,IntersectonAcc,4,U,100,3,0,NH,"Recently, spoke with the claimant about the status. The claim relates to Involved in a commercial auto accident with multiple parties and injuries reported. As of now, medical records are still outstanding.",0.951787233,0,,
85-936249,Commercial Auto BI,1,0,Springfield,MA,N,NN,J7,N,N,N,MA,vehcollision,37,U,100,3,0,MA,"On September 05, left a voicemail requesting a return call regarding the property damage claims matter. The note describes Notes related to property damage claims, including vehicle damage and repairs. Consequently, awaiting documentation.",0.951498985,0,,
85-020639,Commercial Auto BI,1,0,Baltimore,CO,N,NN,J7,N,N,N,CO,vehcollision,26,U,501,3,0,CO,"Yesterday, left a voicemail requesting a return call. The case revolves around Notes related to property damage claims, including vehicle damage and repairs. Therefore, treatment appears to be ongoing.",0.951046288,0,,
85-012836,Commercial Auto BI,1,0,Los Angeles,CA,N,NN,J4,N,Y,N,CA,multvehcoll,0,U,100,2,0,CA,"Earlier this month, spoke with the medical provider regarding treatment. It concerns Notes related to property damage claims, including vehicle damage and repairs. Consequently, further follow-up will be required.",0.949500382,0,,
85-965521,Commercial Auto BI,1,0,Atlanta,MN,N,Y4,J4,Y,Y,N,MN,leftcenterline,88,U,100,3,0,MN,"Recently, followed up regarding outstanding documentation. This file is about Notes related to vehicle accidents, liability and insurance claims. As of now, no response was received at this time.",0.947901547,0,,
85-451576,Commercial Auto BI,1,0,Chicago,IL,N,Y4,J4,N,N,U,IL,vehcollision,16,U,100,4,0,IL,"Recently, followed up regarding outstanding documentation. It concerns Notes related to commercial insurance claims, including property damage and liability. no response was received at this time.",0.947010934,0,,
85-675435,Commercial Auto BI,1,0,Los Angeles,CA,N,Y4,J4,N,N,N,CA,vehcollision,54,U,501,3,0,CA,"Yesterday, monitored the claim file for new developments regarding the vehicle accident liability matter. The story covers Notes related to vehicle accidents, liability and insurance claims. the attorney has yet to respond.",0.946456134,0,,
85-608826,Commercial Auto BI,1,0,New York,NY,N,OT,J4,N,N,N,NY,vehcollision,51,U,100,2,0,NY,"Earlier this week, reviewed medical records and documents received to date. This claim case focuses on Notes related to property damage claims, including vehicle damage and repairs. However, awaiting documentation.",0.946093559,0,,
85-571851,Commercial Auto BI,1,0,Dallas,MO,N,NN,J3,N,N,N,MO,rearendacc,72,U,100,2,0,MO,"Yesterday, discussed the claim with the adjuster team. The claim relates to Notes related to commercial insurance claims, including property damage and liability. As of now, the file will continue to be monitored.",0.945499063,0,,
85-195298,Commercial Auto BI,1,0,New York,NY,N,NN,J4,N,Y,N,NY,vehcollision,0,U,100,2,0,NY,"Earlier this month, contacted the doctor about the claimant's progress regarding the commercial insurance claims matter. It concerns Notes related to commercial insurance claims, including property damage and liability. However, the insured has not responded.",0.944780171,0,,
85-335210,Commercial Auto BI,1,0,Los Angeles,CA,N,NN,J4,Y,Y,N,CA,rearendacc,46,U,100,2,0,LA,"Earlier this month, attempted to coordinate with opposing counsel. The note describes Notes related to commercial insurance claims, including property damage and liability. Currently, the next diary has been set.",0.944591641,0,,
85-834914,Commercial Auto BI,1,0,Dallas,TX,N,Y4,J4,N,N,U,TX,vehcollision,58,U,100,2,0,TX,"Today, received updated records from the claimant. It concerns Notes related to commercial insurance claims, including property damage and liability. As of now, the attorney indicated they would follow up.",0.94367218,0,,
85-270777,Commercial Auto BI,1,0,Houston,IL,N,Y4,J4,N,Y,N,IL,vehcollision,0,U,100,2,0,IL,"This afternoon, attempted to contact the insured party regarding the property damage claims matter. The story covers Notes related to property damage claims, including vehicle damage and repairs. Currently, the claim remains under investigation.",0.941939831,0,,
85-371574,Commercial Auto BI,1,0,Charlotte,NC,Y,Y4,J4,N,N,N,NC,lefthandturn,22,U,100,2,0,MA,"On August 20, requested additional documentation from the claimant regarding the commercial insurance claims matter. involving business interruption, property damage and commercial insurance. The story covers Notes related to commercial insurance claims, including property damage and liability. Currently, the file remains open for review.",0.939618051,0,,
85-997197,Commercial Auto BI,1,0,New Orleans,TX,N,NN,6,N,Y,N,TX,rearendacc,0,U,100,2,0,GA,"This morning, attempted to reach the attorney assigned to the file regarding the property damage claims matter. This claim case focuses on Notes related to property damage claims, including vehicle damage and repairs. As of now, there is a gap in treatment requiring clarification.",0.936262071,0,,
85-963764,Commercial Auto BI,1,0,Unknown,VA,N,Y4,J7,N,N,N,VA,rearend,46,U,100,2,0,VA,"Today, discussed the claim with the adjuster team. At issue is Notes related to property damage claims, including vehicle damage and repairs. with respect to property damage. Consequently, the attorney indicated they would follow up. Further details show damaged part came tomorrow and vehicle drivable and door doesn't work properly and total loss",0.934848607,0,,
85-370453,Commercial Auto BI,1,0,Unknown,CO,N,Y4,3,N,N,N,CO,rearendacc,0,U,100,2,0,CO,"On August 18, attempted to contact the insured party. covering commercial insurance and business interruption. no response was received at this time. The claim relates to Notes related to commercial insurance claims, including property damage and liability.",0.933671176,0,,
85-607540,Commercial Auto BI,1,0,Unknown,GA,N,NN,J4,N,N,N,GA,rearend,12,U,501,2,0,GA,"On November 26, followed up regarding outstanding documentation. This file is about Notes related to workers compensation claims, including injuries and medical treatment. At this time, the claim is pending further review.",0.93360877,0,,
85-023573,Commercial Auto BI,1,0,Dallas,MD,N,OT,1,N,N,N,MD,rearend,52,U,100,2,0,GA,"Today, contacted the doctor about the claimant's progress regarding the property damage claims matter. with respect to vehicle damage. The claim relates to Notes related to property damage claims, including vehicle damage and repairs. However, medical records are still outstanding.",0.932878911,0,,
85-478795,Commercial Auto BI,1,0,Philadelphia,PA,N,Y4,J4,N,N,N,PA,rearend,10,U,100,2,0,PA,"Recently, contacted the doctor about the claimant's progress. This file is about Notes related to property damage claims, including vehicle damage and repairs. covering repairs. further follow-up will be required. It also records that damaged part came tomorrow and vehicle drivable and door doesn't work properly and total loss",0.929861426,0,,
85-359160,Commercial Auto BI,1,0,New York,NJ,N,NN,J7,N,N,N,NJ,vehcollision,0,U,100,2,0,NJ,"Yesterday, received medical bills and treatment notes. The claim relates to Claims involving underinsured motorist coverage and litigation. However, the attorney indicated they would follow up.",0.92814678,0,,
85-048241,Commercial Auto BI,1,0,Los Angeles,CA,Y,OT,J4,N,Y,N,CA,rearendacc,16,U,100,2,0,CA,"This afternoon, verified the status of the claim file. This claim involves Notes related to workers compensation claims, including injuries and medical treatment. However, further follow-up will be required.",0.926812887,0,,
85-963150,Commercial Auto BI,1,0,Atlanta,FL,N,NN,J3,N,Y,N,FL,rearendacc,8,U,100,2,0,MA,"Earlier this month, requested additional documentation from the claimant regarding the workers compensation claims matter. At issue is Notes related to workers compensation claims, including injuries and medical treatment. As of now, the claim is pending further review.",0.926707745,0,,
85-041727,Commercial Auto BI,1,0,Unknown,NC,N,NN,J3,N,Y,N,NC,pedcollision,13,U,100,2,0,NC,"On October 12, attempted to contact the claimant regarding the commercial insurance claims matter. related to commercial insurance. The claim relates to Notes related to commercial insurance claims, including property damage and liability. At this time, awaiting documentation.",0.926215231,0,,
85-570055,Commercial Auto BI,1,0,Houston,TX,Y,NN,J7,Y,N,N,TX,rearendacc,0,U,100,3,0,GA,"This morning, attempted to contact the insured party. covering workers compensation. Consequently, awaiting documentation. At issue is Notes related to workers compensation claims, including injuries and medical treatment.",0.924186707,0,,
85-856159,Commercial Auto BI,1,0,Los Angeles,UT,N,Y4,J4,Y,N,N,UT,rearend,2,U,100,4,0,UT,"Today, attempted to coordinate with opposing counsel. It concerns Claims related to commercial auto liability, including accidents and injuries. covering commercial auto and injuries. Consequently, the attorney has yet to respond. Further information reflects v1 nerys cruz ov and div requested andover police and bap dol within policy effect dates",0.921534181,0,,
85-984656,Commercial Auto BI,1,0,San Antonio,TX,N,NN,J4,N,N,N,TX,rearendacc,0,U,100,2,0,TX,"Recently, attempted to reach the attorney assigned to the file. It concerns Notes related to workers compensation claims, including injuries and medical treatment. As of now, the claimant is scheduled for a follow-up appointment.",0.921475589,0,,
85-711999,Commercial Auto BI,1,0,Unknown,NJ,N,NN,J4,N,Y,N,NJ,vehcollision,51,U,100,2,1252,TX,"As of September 09, requested additional documentation from the claimant. At issue is Notes related to workers compensation claims, including injuries and medical treatment. the file remains open for review.",0.920195639,0,,
85-815348,Commercial Auto BI,1,0,Unknown,GA,N,NN,J4,N,N,N,GA,rearend,67,U,100,2,0,GA,"Earlier this month, discussed the claim with the adjuster team regarding the property damage claims matter. covering property damage and vehicle damage. At issue is Notes related to property damage claims, including vehicle damage and repairs. there is a gap in treatment requiring clarification.",0.920089781,0,,
85-460787,Commercial Auto BI,1,0,New York,NY,N,Y4,J4,N,Y,N,NY,rearendacc,6,U,115,2,0,NY,"This morning, verified the status of the claim file. Consequently, the next diary has been set. This claim involves Notes related to commercial insurance claims, including property damage and liability.",0.918441355,0,,
85-158089,Commercial Auto BI,1,0,Charlotte,NC,N,NN,J4,N,N,N,NC,rearendacc,12,U,100,2,0,NC,"Today, received updated records from the claimant. The case revolves around Notes related to workers compensation claims, including injuries and medical treatment. Therefore, the claim remains under investigation.",0.918318927,0,,
85-761058,Commercial Auto BI,1,0,Atlanta,GA,N,Y4,6,N,N,N,GA,pedcollision,84,U,501,2,0,MA,"Yesterday, received medical bills and treatment notes. with focus on damages. Therefore, the insured has not responded. The story covers Notes related to vehicle accidents, liability and insurance claims.",0.916013479,0,,
85-842049,Commercial Auto BI,1,0,Los Angeles,WA,N,Y4,3,N,N,N,WA,rearendacc,64,U,100,3,0,TN,"Yesterday, reviewed the claim handling plan and next steps regarding the commercial auto liability matter. covering injuries. This claim involves Claims related to commercial auto liability, including accidents and injuries. At this time, the claim remains under investigation.",0.914448977,0,,
85-819647,Commercial Auto BI,1,0,Houston,TX,N,Y4,2,Y,N,N,TX,otherobjcoll,82,U,100,2,0,CA,"Yesterday, discussed the claim with the adjuster team regarding the vehicle accident liability matter. covering vehicle accident, injuries and insurance claim. It concerns Notes related to vehicle accidents, liability and insurance claims. However, the claimant has not returned the call.",0.914069295,0,,
85-040056,Commercial Auto BI,1,0,Unknown,FL,N,Y4,OT,N,Y,N,FL,vehcollision,15,U,100,2,0,FL,"This morning, sent an email requesting updates regarding the property damage claims matter. This file is about Notes related to property damage claims, including vehicle damage and repairs. Therefore, the file remains open for review.",0.910848677,0,,
85-795284,Commercial Auto BI,1,0,Charlotte,NC,N,NN,J4,N,N,N,NC,pedcollision,0,U,100,2,0,NC,"As of September 30, discussed the claim with the adjuster team regarding the vehicle accident liability matter. This matter deals with Notes related to vehicle accidents, liability and insurance claims. the file remains open for review.",0.906895578,0,,
85-985876,Commercial Auto BI,1,0,Atlanta,GA,N,NN,J7,N,Y,N,GA,rearendacc,53,U,100,2,0,GA,"On January 06, reviewed the claim handling plan and next steps. This file is about Notes related to workers compensation claims, including injuries and medical treatment. Currently, the attorney indicated they would follow up.",0.90612632,0,,
85-722988,Commercial Auto BI,1,0,New York,WA,N,OT,J7,N,N,N,WA,vehcollision,71,U,100,2,0,WA,"On September 01, followed up regarding outstanding documentation. This claim involves Claims involving underinsured motorist coverage and litigation. Therefore, no response was received at this time.",0.905111909,0,,
85-558189,Commercial Auto BI,1,0,Charlotte,NC,N,NN,J4,Y,Y,N,NC,vehcollision,39,U,100,2,0,NC,"Today, monitored the claim file for new developments. involving commercial insurance, liability and property damage. Currently, the insured has not responded. This claim case focuses on Notes related to commercial insurance claims, including property damage and liability.",0.898794889,0,,
85-729650,Commercial Auto BI,1,0,Atlanta,NC,N,OT,J4,N,N,N,NC,rearendacc,31,U,100,2,0,CO,"This morning, attempted to contact the insured party. At issue is Notes related to vehicle accidents, liability and insurance claims. As of now, medical records are still outstanding.",0.887242556,0,,
85-725438,Commercial Auto BI,1,0,Philadelphia,CT,N,NN,1,N,N,N,CT,rearendacc,22,U,114,4,0,TX,"Recently, spoke with the medical provider regarding treatment. The note describes Claims involving underinsured motorist coverage and litigation. Therefore, the file remains open for review.",0.887123585,0,,
85-410246,Commercial Auto BI,1,0,Indianapolis,IN,N,Y4,1,N,N,N,IN,vehcollision,90,U,100,2,0,IN,"Earlier this week, sent an email requesting updates. The case revolves around Notes related to vehicle accidents, liability and insurance claims. Consequently, the attorney has yet to respond.",0.885698795,0,,
85-215816,Commercial Auto BI,1,0,Atlanta,VA,N,Y4,J3,N,N,N,VA,pedcollision,53,U,100,2,0,VA,"This morning, attempted to contact the insured party. covering lost time and injury. As of now, further follow-up will be required. It concerns Notes related to workers compensation claims, including injuries and medical treatment.",0.879627168,0,,
85-767080,Commercial Auto BI,1,0,Philadelphia,WA,N,NN,J4,N,N,N,WA,passingsideswipe,7,U,100,1,0,AZ,"Earlier this month, attempted to coordinate with opposing counsel. At issue is Involved in a commercial auto accident with multiple parties and injuries reported. Currently, additional information is still pending.",0.878644407,0,,
85-951108,Commercial Auto BI,0,0,Baltimore,NJ,N,NN,J4,N,Y,N,NJ,rearend,0,U,100,2,0,NJ,"Yesterday, verified the status of the claim file. The claim relates to Claim rekeyed for special accounting purposes. medical records are still outstanding.",0.874858677,0,,
85-245859,Commercial Auto BI,1,0,Unknown,TX,N,NN,J4,Y,Y,N,TX,rearendacc,87,U,100,2,0,TX,"This morning, requested additional documentation from the claimant. no new updates were provided. This claim case focuses on Notes related to workers compensation claims, including injuries and medical treatment.",0.86970222,0,,
85-846533,Commercial Auto BI,1,0,Phoenix,AZ,N,NN,J4,N,N,N,AZ,vehcollision,43,U,501,2,0,VA,"Earlier this week, spoke with the medical provider regarding treatment. The note describes Notes related to workers compensation claims, including injuries and medical treatment. Consequently, no response was received at this time.",0.861603796,0,,
85-847203,Commercial Auto BI,0,0,Baltimore,CT,N,NN,J4,N,N,N,CT,vehcollision,66,U,100,2,0,CT,"Yesterday, discussed the claim with the adjuster team. At issue is Claims involving underinsured motorist coverage and litigation. Therefore, there is a gap in treatment requiring clarification.",0.859636545,0,,
85-728954,Commercial Auto BI,1,0,Unknown,NJ,N,Y4,J4,N,Y,N,NJ,vehcollision,5,U,100,3,0,NJ,"As of August 02, requested additional documentation from the claimant. This claim involves Claims related to commercial auto liability, including accidents and injuries. with respect to liability and commercial auto. the attorney has yet to respond. Further information reflects v1 nerys cruz ov and div requested andover police and bap dol within policy effect dates",0.85502249,0,,
85-680777,Commercial Auto BI,1,0,Los Angeles,TX,N,NN,J4,N,N,N,TX,multvehcoll,9,U,118,1,7322,TX,"On July 28, discussed the claim with the adjuster team. related to vehicle damage and property damage. At this time, the attorney indicated they would follow up. The claim relates to Notes related to property damage claims, including vehicle damage and repairs.",0.85092932,0,,
85-586852,Commercial Auto BI,1,0,Atlanta,GA,N,Y4,J7,N,Y,N,GA,vehcollision,17,U,100,2,0,GA,"This morning, initiated discussion with case manager on next steps. with respect to liability, commercial auto and injuries. Therefore, the insured has not responded. It concerns Claims related to commercial auto liability, including accidents and injuries.",0.843718171,0,,
85-040120,Commercial Auto BI,1,0,Phoenix,AZ,N,NN,J4,N,N,N,AZ,lanecharge,0,U,114,2,0,IN,"Earlier this week, discussed the claim with the adjuster team regarding the property damage claims matter. The case revolves around Notes related to property damage claims, including vehicle damage and repairs. At this time, the claim remains under investigation.",0.841394007,0,,
85-491460,Commercial Auto BI,1,0,Phoenix,FL,N,Y4,J4,Y,Y,N,FL,multvehcoll,19,U,100,2,0,FL,"Yesterday, verified the status of the claim file. . Currently, the file remains open for review. This matter deals with Involved in a commercial auto accident with multiple parties and injuries reported. Additional notes mention recvd vm law firm and called back stacy said mailed us lor and crash report 2024100379",0.84119463,0,,
85-030565,Commercial Auto BI,0,0,Baltimore,MD,N,Y4,5,N,N,N,MD,vehcollision,0,U,100,3,0,PA,"Earlier this month, initiated discussion with case manager on next steps. It concerns Claim rekeyed for special accounting purposes. At this time, the claimant is scheduled for a follow-up appointment.",0.839121401,0,,
85-459495,Commercial Auto BI,1,0,New York,NY,N,NN,J4,Y,N,N,NY,rearendacc,57,U,501,1,0,NY,"Earlier this month, received medical bills and treatment notes regarding the commercial insurance claims matter. The claim relates to Notes related to commercial insurance claims, including property damage and liability. As of now, additional information is still pending.",0.837790191,0,,
85-053191,Commercial Auto BI,1,0,Baltimore,WA,N,Y4,5,N,N,N,WA,vehcollision,6,U,100,2,0,CA,"Earlier this month, received updated records from the claimant. This file is about Claim rekeyed for special accounting purposes. At this time, awaiting documentation.",0.833905995,0,,
85-206372,Commercial Auto BI,1,0,Indianapolis,IN,N,NN,J4,N,N,N,IN,vehcollision,75,U,100,2,0,IN,"As of September 18, checked the diary for pending follow-ups. This claim case focuses on Notes related to vehicle accidents, liability and insurance claims. touching on damages and injuries. Consequently, further follow-up will be required. It also records that heavy front end damage and internal injury requiring surgery and pelvic bone fractures and fractured lower lumber back",0.83038789,0,,
85-380878,Commercial Auto BI,1,0,Worcester,MA,N,NN,J4,N,N,N,MA,rearendacc,33,U,115,2,0,UT,"This afternoon, reviewed medical records and documents received to date. This claim involves Notes related to workers compensation claims, including injuries and medical treatment. Consequently, the file remains open for review.",0.81993556,0,,
85-167087,Commercial Auto BI,1,0,Detroit,MI,N,NN,1,Y,N,N,MI,passingsideswipe,53,U,100,2,0,CT,"This morning, attempted to reach the attorney assigned to the file. This claim involves Claim rekeyed for special accounting purposes. As of now, there is a gap in treatment requiring clarification.",0.800516963,0,,
85-375040,Commercial Auto BI,0,0,Los Angeles,CA,Y,Y4,J4,N,Y,U,CA,vehcollision,0,U,100,2,0,CA,"Earlier this month, reviewed the claim handling plan and next steps regarding the claim rekey matter. The case revolves around Claim rekeyed for special accounting purposes. Therefore, the insured has not responded.",0.789262593,0,,
85-563270,Commercial Auto BI,0,0,Unknown,NJ,N,Y4,J4,N,N,N,NJ,IntersectonAcc,11,U,100,2,0,NJ,"Today, checked the diary for pending follow-ups. This matter deals with Claims involving underinsured motorist coverage and litigation. with focus on UIM and claims. Currently, there is a gap in treatment requiring clarification. Further details show lor recd forward letter and attorney office handling aspects claim and UIM claim",0.788422883,0,,
85-120489,Commercial Auto BI,0,0,Los Angeles,CA,N,NN,J4,N,N,N,CA,vehcollision,12,U,501,2,0,NY,"This afternoon, spoke with the claimant about the status regarding the uim claims matter. covering litigation and UIM. The story covers Claims involving underinsured motorist coverage and litigation. Therefore, the claim is pending further review.",0.787200034,0,,
85-636050,Commercial Auto BI,1,0,Unknown,NJ,N,OT,J4,N,N,N,NJ,rearendacc,0,U,100,2,0,NJ,"This morning, checked the diary for pending follow-ups. This claim case focuses on Claims involving underinsured motorist coverage and litigation. with respect to claims, underinsured motorist and litigation. However, the claimant has not returned the call. It's noted that lor recd forward letter and attorney office handling aspects claim and UIM claim",0.782353282,0,,
85-947160,Commercial Auto BI,0,0,Unknown,NJ,N,Y4,OT,N,Y,N,NJ,rearend,0,U,100,3,0,MA,"Earlier this month, spoke with the claimant about the status. The case revolves around Claim rekeyed for special accounting purposes. Therefore, the file will continue to be monitored.",0.761619687,0,,
85-348960,Commercial Auto BI,1,0,Los Angeles,GA,N,NN,J7,N,Y,U,GA,vehcollision,54,U,100,3,0,GA,"Earlier this month, reviewed the claim handling plan and next steps. The case revolves around Claims involving coverage and liability disputes. covering liability and dispute. Consequently, the attorney indicated they would follow up. Additional notes mention policy exposure type capbi and liability assessment pending and damages injured party",0.754244387,0,,
85-809010,Commercial Auto BI,1,0,New York,MD,N,Y4,J4,N,N,N,MD,multvehcoll,null,U,113,2,0,MD,"This morning, left a voicemail requesting a return call. It concerns Claims related to commercial auto liability, including accidents and injuries. However, additional information is still pending.",0.752964556,0,,
85-918595,Commercial Auto BI,0,0,Lynn,MA,N,Y4,1,N,N,N,MA,rearendacc,22,U,100,3,0,MD,"Earlier this week, left a voicemail requesting a return call. related to claims and litigation. the attorney indicated they would follow up. It concerns Claims involving underinsured motorist coverage and litigation. Further information reflects lor recd forward letter and attorney office handling aspects claim and UIM claim",0.74441433,0,,
85-341555,Commercial Auto BI,0,0,Baltimore,MD,N,NN,J4,N,Y,N,MD,rearend,40,U,100,2,0,GA,"Yesterday, initiated discussion with case manager on next steps. This claim involves Involved in a commercial auto accident with multiple parties and injuries reported. Therefore, the claimant has not returned the call.",0.743238866,0,,
85-234699,Commercial Auto BI,1,0,Dallas,IL,Y,Y4,J7,Y,N,N,IL,vehcollision,89,U,100,2,0,IL,"Recently, spoke with the claimant about the status. As of now, the claimant requested more time to provide documentation. The claim relates to Involved in a commercial auto accident with multiple parties and injuries reported.",0.741211832,0,,
85-665653,Commercial Auto BI,0,0,Atlanta,GA,N,OT,J4,N,Y,N,GA,vehcollision,33,U,501,2,0,GA,"This afternoon, checked the diary for pending follow-ups. The claim relates to Claims related to commercial auto liability, including accidents and injuries. with focus on liability and commercial auto. Consequently, no response was received at this time. Additional notes mention v1 nerys cruz ov and div requested andover police and bap dol within policy effect dates",0.740045547,0,,
85-104669,Commercial Auto BI,1,0,Los Angeles,CA,N,Y4,5,Y,N,N,CA,lanecharge,0,U,100,4,0,CA,"Yesterday, discussed the claim with the adjuster team. The story covers Involved in a commercial auto accident with multiple parties and injuries reported. At this time, the attorney has yet to respond.",0.740026176,0,,
85-625959,Commercial Auto BI,0,0,Baltimore,MD,N,NN,J4,N,Y,N,MD,vehcollision,57,U,100,2,0,CA,"This afternoon, attempted to reach the attorney assigned to the file. touching on claims, litigation and UIM. However, awaiting return call. It concerns Claims involving underinsured motorist coverage and litigation.",0.739679277,0,,
85-326270,Commercial Auto BI,0,0,Atlanta,NJ,N,Y4,J4,Y,Y,N,NJ,rearendacc,0,U,100,2,0,VA,"Earlier this month, reviewed the claim handling plan and next steps regarding the uim claims matter. touching on claims, underinsured motorist and UIM. The note describes Claims involving underinsured motorist coverage and litigation. As of now, no new updates were provided.",0.738561869,0,,
85-663011,Commercial Auto BI,0,0,New York,NY,N,Y4,J4,N,N,N,NY,vehcollision,53,U,100,3,0,NY,"As of November 21, initiated discussion with case manager on next steps. The story covers Involved in a commercial auto accident with multiple parties and injuries reported. At this time, the claimant is scheduled for a follow-up appointment.",0.736231863,0,,
85-820754,Commercial Auto BI,1,0,Lynn,MA,N,Y4,5,N,N,N,MA,IntersectonAcc,58,U,100,3,0,MA,"As of December 26, attempted to coordinate with opposing counsel. . As of now, treatment appears to be ongoing. At issue is Claim rekeyed for special accounting purposes. Further information reflects claim rekey clm1900730474",0.735500216,0,,
85-260692,Commercial Auto BI,0,0,Atlanta,GA,Y,NN,J4,N,Y,N,GA,vehcollision,6,U,100,2,0,GA,"This afternoon, attempted to contact the claimant. The claim relates to Claims related to commercial auto liability, including accidents and injuries. Consequently, medical records are still outstanding.",0.735473931,0,,
85-548136,Commercial Auto BI,1,0,Los Angeles,MD,N,Y4,J3,N,N,N,MD,vehcollision,0,U,100,1,0,MD,"Earlier this week, attempted to reach the attorney assigned to the file regarding the commercial auto accident matter. with respect to accident, commercial auto and multiple parties. The story covers Involved in a commercial auto accident with multiple parties and injuries reported. the insured has not responded.",0.729019582,0,,
85-526261,Commercial Auto BI,1,0,New York,NY,N,Y4,J4,N,N,N,NY,lefthandturn,80,U,100,3,0,TX,"On August 19, sent an email requesting updates regarding the uim claims matter. touching on underinsured motorist and litigation. This matter deals with Claims involving underinsured motorist coverage and litigation. Consequently, the file will continue to be monitored.",0.720914066,0,,
85-162453,Commercial Auto BI,0,0,Atlanta,CT,N,Y4,J4,Y,N,N,CT,rearendacc,39,U,100,3,0,CT,"Earlier this month, received updated records from the claimant. The note describes Claims related to commercial auto liability, including accidents and injuries. At this time, awaiting return call.",0.716704726,0,,
85-395997,Commercial Auto BI,0,0,Lowell,MA,N,NN,J4,N,Y,N,MA,multvehcoll,0,U,501,3,0,NJ,"This afternoon, reviewed the claim handling plan and next steps regarding the commercial auto accident matter. covering injuries. At issue is Involved in a commercial auto accident with multiple parties and injuries reported. Currently, treatment appears to be ongoing.",0.716689944,0,,
85-062837,Commercial Auto BI,1,0,Los Angeles,CA,N,Y4,J4,N,N,N,CA,rearendacc,0,U,100,2,0,GA,"Earlier this month, sent an email requesting updates. related to accidents, commercial auto and liability. At this time, the claimant has not returned the call. This file is about Claims related to commercial auto liability, including accidents and injuries.",0.712330818,0,,
85-739413,Commercial Auto BI,0,0,Chicago,IL,N,NN,J4,Y,N,N,IL,vehcollision,0,U,100,2,0,IL,"Yesterday, attempted to contact the insured party. with respect to special accounting and claim rekey. As of now, there is a gap in treatment requiring clarification. At issue is Claim rekeyed for special accounting purposes. Further details show claim rekey clm1900730474",0.704716742,0,,
85-405219,Commercial Auto BI,0,0,Unknown,VA,N,Y4,J3,N,N,U,VA,vehcollision,17,U,100,3,0,MA,"On October 22, received medical bills and treatment notes. . At this time, the claimant has not returned the call. The claim relates to Claim rekeyed for special accounting purposes. Additional notes mention claim rekey clm1900730474",0.703322351,0,,
85-960277,Commercial Auto BI,0,0,Atlanta,GA,N,Y4,J4,Y,N,N,GA,rearendacc,64,U,100,3,0,GA,"This afternoon, reviewed liability and coverage details. covering litigation. At this time, treatment appears to be ongoing. The story covers Claims involving underinsured motorist coverage and litigation. Further information reflects lor recd forward letter and attorney office handling aspects claim and UIM claim",0.692122102,0,,
85-403534,Commercial Auto BI,1,0,New York,NY,N,Y4,J4,N,Y,N,NY,vehcollision,0,U,118,2,0,NY,"Earlier this week, attempted to contact the claimant. with respect to multiple parties, injuries and accident. no response was received at this time. This matter deals with Involved in a commercial auto accident with multiple parties and injuries reported.",0.689433038,0,,
85-080502,Commercial Auto BI,0,0,San Antonio,TX,N,Y4,J7,N,N,N,TX,pedcollision,40,U,100,2,0,TX,"As of November 22, attempted to reach the attorney assigned to the file regarding the commercial auto accident matter. This matter deals with Involved in a commercial auto accident with multiple parties and injuries reported. Currently, the attorney indicated they would follow up.",0.686984956,0,,
85-496676,Commercial Auto BI,0,0,New York,NY,N,NN,J7,N,N,N,NY,lefthandturn,69,U,501,2,0,NY,"Recently, contacted the doctor about the claimant's progress regarding the commercial auto accident matter. involving commercial auto. The case revolves around Involved in a commercial auto accident with multiple parties and injuries reported. However, awaiting documentation.",0.686711907,0,,
85-637042,Commercial Auto BI,1,0,Los Angeles,GA,N,Y4,J4,N,N,N,GA,vehcollision,44,U,100,2,0,GA,"Recently, initiated discussion with case manager on next steps regarding the injury claims matter. covering injury. At issue is Claims involving injuries to individuals. awaiting return call.",0.683801353,0,,
85-194268,Commercial Auto BI,1,0,Unknown,ME,N,Y4,J4,N,Y,U,ME,multvehcoll,81,U,100,3,0,ME,"This morning, sent an email requesting updates regarding the claim rekey matter. with respect to special accounting. This claim involves Claim rekeyed for special accounting purposes. At this time, the claimant has not returned the call.",0.676828265,0,,
85-202025,Commercial Auto BI,1,0,Unknown,NJ,N,NN,J3,N,N,N,NJ,vehcollision,44,U,100,2,0,NJ,"This afternoon, spoke with the medical provider regarding treatment regarding the commercial auto liability matter. This claim involves Claims related to commercial auto liability, including accidents and injuries. Currently, the claim remains under investigation.",0.675017715,0,,
85-154720,Commercial Auto BI,1,0,Unknown,NJ,N,NN,J4,Y,N,N,NJ,vehcollision,7,U,100,2,0,NJ,"This afternoon, attempted to contact the claimant. It concerns Involved in a commercial auto accident with multiple parties and injuries reported. the insured has not responded.",0.671195388,0,,
85-145051,Commercial Auto BI,1,0,Unknown,CT,N,Y4,J4,N,Y,N,CT,vehcollision,37,U,100,2,0,CT,"Yesterday, spoke with the claimant about the status. The case revolves around Claim rekeyed for special accounting purposes. the claimant requested more time to provide documentation.",0.668754935,0,,
85-440534,Commercial Auto BI,1,0,Philadelphia,MA,Y,NN,J7,N,N,N,MA,vehcollision,90,U,100,2,0,MA,"Yesterday, left a voicemail requesting a return call. Consequently, treatment appears to be ongoing. The claim relates to Claims related to commercial auto liability, including accidents and injuries.",0.668464005,0,,
85-779956,Commercial Auto BI,1,0,New Orleans,LA,N,Y4,J3,N,Y,N,LA,IntersectonAcc,0,U,100,2,0,MI,"Today, received medical bills and treatment notes. It concerns Claims involving commercial vehicles and liability. However, the claimant requested more time to provide documentation.",0.66642642,0,,
85-149716,Commercial Auto BI,1,0,San Antonio,TX,Y,NN,J4,N,N,N,TX,vehcollision,null,U,100,2,0,MD,"On September 23, checked the diary for pending follow-ups regarding the claim rekey matter. with respect to claim rekey. This claim case focuses on Claim rekeyed for special accounting purposes. treatment appears to be ongoing.",0.661726832,0,,
85-107656,Commercial Auto BI,0,0,Atlanta,GA,N,NN,J7,N,N,N,GA,rearendacc,0,U,100,2,0,GA,"Today, reviewed the claim handling plan and next steps. This claim involves Claims involving underinsured motorist coverage and litigation. Currently, the claimant requested more time to provide documentation.",0.658563018,0,,
85-416503,Commercial Auto BI,1,0,Charlotte,NC,N,Y4,J4,N,N,N,WA,rearendacc,91,U,115,2,0,GA,"Earlier this month, received medical bills and treatment notes. The story covers Notes related to property damage claims, including vehicle damage and repairs. At this time, the claim remains under investigation.",0.657989502,0,,
85-809349,Commercial Auto BI,1,0,Baltimore,MD,N,Y4,J3,N,N,N,MD,rearend,67,U,100,2,0,IN,"Recently, followed up regarding outstanding documentation. The note describes Claims involving underinsured motorist coverage and litigation. Currently, the claim remains under investigation.",0.656838894,0,,
85-615736,Commercial Auto BI,0,0,Baltimore,MD,N,Y4,5,N,N,N,MD,otherobjcoll,0,U,501,2,0,CA,"Earlier this month, spoke with the claimant about the status. At issue is Claim rekeyed for special accounting purposes. Currently, the next diary has been set.",0.654404521,0,,
85-654519,Commercial Auto BI,0,0,San Antonio,TX,N,Y4,J4,N,N,N,TX,passingsideswipe,89,U,100,2,0,TX,"Earlier this month, attempted to reach the attorney assigned to the file regarding the uim claims matter. touching on UIM and litigation. The story covers Claims involving underinsured motorist coverage and litigation. However, medical records are still outstanding.",0.653550625,0,,
85-021265,Commercial Auto BI,0,0,Baltimore,MD,N,OT,1,N,N,N,MD,rearendacc,37,U,100,2,0,VA,"On October 18, requested additional documentation from the claimant. The claim relates to Claims involving underinsured motorist coverage and litigation. Therefore, awaiting return call.",0.648047209,0,,
85-200787,Commercial Auto BI,0,0,Baltimore,UT,N,Y4,3,N,N,N,UT,lanecharge,45,U,100,3,0,UT,"Yesterday, sent an email requesting updates. This claim involves Claims related to commercial auto liability, including accidents and injuries. However, treatment appears to be ongoing.",0.640787363,0,,
85-163639,Commercial Auto BI,1,0,Houston,FL,N,NN,J4,N,N,N,FL,rearendacc,0,U,100,3,0,CA,"Recently, left a voicemail requesting a return call. At issue is Involved in a commercial auto accident with multiple parties and injuries reported. At this time, the claimant has not returned the call.",0.640140176,0,,
85-788053,Commercial Auto BI,0,0,Unknown,OH,N,NN,J7,N,N,N,OH,vehcollision,60,U,100,2,0,OH,"Yesterday, reviewed the claim handling plan and next steps. with respect to special accounting. the claimant is scheduled for a follow-up appointment. This file is about Claim rekeyed for special accounting purposes.",0.63697201,0,,
85-685800,Commercial Auto BI,0,0,Worcester,MA,N,Y4,J4,N,N,N,TX,lanecharge,58,U,100,2,0,TN,"On November 02, spoke with the claimant about the status. The story covers Involved in a commercial auto accident with multiple parties and injuries reported. As of now, treatment appears to be ongoing.",0.633422792,0,,
85-115318,Commercial Auto BI,1,0,Unknown,VA,N,Y4,1,N,N,U,VA,vehcollision,40,U,100,2,0,CA,"Earlier this week, sent an email requesting updates regarding the commercial auto liability matter. It concerns Claims related to commercial auto liability, including accidents and injuries. At this time, there is a gap in treatment requiring clarification.",0.633421779,0,,
85-355167,Commercial Auto BI,1,0,Springfield,MA,N,NN,J3,N,N,N,MA,rearend,30,U,100,2,0,NJ,"This afternoon, reviewed the claim handling plan and next steps regarding the commercial auto liability matter. with respect to accidents and commercial auto. The note describes Claims related to commercial auto liability, including accidents and injuries. At this time, awaiting return call.",0.623557985,0,,
85-735757,Commercial Auto BI,0,0,New Orleans,LA,N,NN,J7,N,Y,N,LA,rearendacc,0,U,100,3,0,LA,"This afternoon, reviewed liability and coverage details. with focus on coverage. Currently, no response was received at this time. The claim relates to Claims involving coverage and liability disputes.",0.623180747,0,,
85-687774,Commercial Auto BI,0,0,Phoenix,TX,N,NN,J4,N,N,U,TX,vehcollision,2,U,100,3,0,IL,"Yesterday, attempted to coordinate with opposing counsel. This matter deals with Involved in a commercial auto accident with multiple parties and injuries reported. Currently, the insured has not responded.",0.622559845,0,,
85-169520,Commercial Auto BI,0,0,Lynn,MA,Y,Y4,1,N,N,N,MA,vehcollision,90,U,100,2,0,MA,"Recently, attempted to contact the insured party. The note describes Involved in a commercial auto accident with multiple parties and injuries reported. awaiting return call.",0.615658522,0,,
85-215312,Commercial Auto BI,0,0,Unknown,CA,N,NN,J4,Y,Y,N,CA,vehcollision,83,U,100,2,0,CA,"Earlier this month, reviewed the claim handling plan and next steps. involving multiple parties and accident. As of now, there is a gap in treatment requiring clarification. This matter deals with Involved in a commercial auto accident with multiple parties and injuries reported.",0.615163922,0,,
85-562384,Commercial Auto BI,0,0,Chicago,IL,N,Y4,J4,N,N,N,IL,vehcollision,64,U,100,3,0,IL,"This morning, left a voicemail requesting a return call. The case revolves around Claim rekeyed for special accounting purposes. touching on special accounting and claim rekey. Therefore, the next diary has been set. Additional notes mention claim rekey clm1900730474",0.615152299,0,,
85-177778,Commercial Auto BI,1,0,Lynn,MA,N,NN,J4,N,N,N,MA,rearend,75,U,100,3,0,MA,"Yesterday, contacted the doctor about the claimant's progress. The story covers Claims related to commercial auto liability, including accidents and injuries. As of now, the file will continue to be monitored.",0.614206195,0,,
85-960858,Commercial Auto BI,0,0,Unknown,VA,N,OT,J4,N,Y,N,VA,rearendacc,0,U,100,3,0,VA,"As of July 29, reviewed the claim handling plan and next steps. This matter deals with Claims related to commercial auto liability, including accidents and injuries. Consequently, no response was received at this time.",0.612126112,0,,
85-934364,Commercial Auto BI,0,0,Unknown,NJ,N,Y4,J4,N,Y,N,NJ,vehcollision,0,U,115,2,0,NJ,"Earlier this month, attempted to coordinate with opposing counsel. This claim case focuses on Claim rekeyed for special accounting purposes. related to special accounting. Currently, the insured has not responded. Further information reflects claim rekey clm1900730474",0.611129284,0,,
85-095363,Commercial Auto BI,1,0,Worcester,MA,N,NN,J7,N,N,Y,MA,rearendacc,0,U,100,2,0,GA,"Earlier this month, contacted the doctor about the claimant's progress regarding the commercial auto liability matter. with focus on injuries. This matter deals with Claims related to commercial auto liability, including accidents and injuries. However, no new updates were provided.",0.611113131,0,,
85-703442,Commercial Auto BI,0,0,Sterling Heights,MI,N,Y4,J4,N,N,N,MI,vehcollision,2,U,100,2,0,SC,"Today, discussed the claim with the adjuster team. The note describes Claims involving underinsured motorist coverage and litigation. the attorney indicated they would follow up.",0.607780695,0,,
85-709686,Commercial Auto BI,0,0,New York,NY,N,OT,J4,N,N,N,NY,vehcollision,68,U,501,2,0,IN,"Recently, left a voicemail requesting a return call. This claim involves Claims involving underinsured motorist coverage and litigation. At this time, the claimant is scheduled for a follow-up appointment.",0.607374609,0,,
85-546753,Commercial Auto BI,0,0,Unknown,FL,N,Y4,J7,N,N,U,FL,otherobjcoll,25,U,100,2,0,FL,"As of December 16, discussed the claim with the adjuster team regarding the commercial auto liability matter. involving commercial auto and accidents. This claim involves Claims related to commercial auto liability, including accidents and injuries. Therefore, the claim is pending further review.",0.601648152,0,,
85-651989,Commercial Auto BI,0,0,Boston,MA,N,NN,J4,N,N,N,MA,vehcollision,30,U,100,3,0,NJ,"Recently, requested additional documentation from the claimant. This claim involves Involved in a commercial auto accident with multiple parties and injuries reported. involving accident. Therefore, awaiting return call. Further information reflects recvd vm law firm and called back stacy said mailed us lor and crash report 2024100379",0.601210415,0,,
85-310966,Commercial Auto BI,0,0,Unknown,VA,N,Y4,J4,N,Y,N,VA,lanecharge,43,U,100,2,0,CA,"Earlier this week, requested additional documentation from the claimant regarding the claim rekey matter. involving special accounting. The story covers Claim rekeyed for special accounting purposes. Consequently, the attorney has yet to respond.",0.59982878,0,,
85-354826,Commercial Auto BI,0,0,Los Angeles,CA,N,Y4,J3,Y,N,N,CA,vehcollision,0,U,100,2,0,CA,"As of September 20, initiated discussion with case manager on next steps regarding the commercial auto liability matter. with respect to liability. The case revolves around Claims related to commercial auto liability, including accidents and injuries. However, the attorney indicated they would follow up.",0.589006722,0,,
85-670879,Commercial Auto BI,1,0,Baltimore,UT,N,Y4,2,Y,N,N,UT,leftcenterline,0,U,100,3,0,UT,"As of August 26, attempted to contact the claimant. This file is about Claims involving underinsured motorist coverage and litigation. the claimant is scheduled for a follow-up appointment.",0.583881617,0,,
85-735885,Commercial Auto BI,0,0,New Orleans,LA,N,Y4,1,N,N,N,LA,vehcollision,0,U,100,2,0,LA,"Earlier this month, verified the status of the claim file. covering coverage, liability and dispute. As of now, there is a gap in treatment requiring clarification. This claim case focuses on Claims involving coverage and liability disputes.",0.581782401,0,,
85-693988,Commercial Auto BI,1,0,Lawrence,MA,N,NN,J3,N,Y,N,MA,vehcollision,0,U,100,2,0,GA,"Today, reviewed the claim handling plan and next steps. The claim relates to Involved in a commercial auto accident with multiple parties and injuries reported. with focus on accident, commercial auto and injuries. At this time, awaiting documentation. Further information reflects recvd vm law firm and called back stacy said mailed us lor and crash report 2024100379",0.573187709,0,,
85-673847,Commercial Auto BI,0,0,Dallas,MA,N,Y4,J4,N,N,U,MA,rearendacc,0,U,100,2,0,MA,"Yesterday, initiated discussion with case manager on next steps. This claim involves Claims related to commercial auto liability, including accidents and injuries. Consequently, awaiting return call.",0.571405649,0,,
85-158323,Commercial Auto BI,1,0,Baltimore,NY,N,NN,J4,N,N,N,NY,fixedobjcoll,36,U,100,2,0,NY,"Today, attempted to contact the insured party. It concerns Claims involving underinsured motorist coverage and litigation. Consequently, the claimant requested more time to provide documentation.",0.571122348,0,,
85-835676,Commercial Auto BI,0,0,Houston,IL,N,NN,J4,N,Y,N,IL,vehcollision,0,U,100,2,0,IL,"Recently, requested additional documentation from the claimant regarding the uim claims matter. The case revolves around Claims involving underinsured motorist coverage and litigation. As of now, awaiting return call.",0.570873082,0,,
85-127441,Commercial Auto BI,0,0,New York,NY,N,NN,J7,N,Y,N,NY,lefthandturn,25,U,100,3,0,NY,"Today, followed up regarding outstanding documentation. . However, the file remains open for review. This file is about Claims involving damage to vehicles. Further information reflects invoice added took statement and confirmed policy address and ivov016 2024 ford f250",0.570355892,0,,
85-627981,Commercial Auto BI,0,0,Lynn,MA,N,NN,J4,N,N,U,MA,vehcollision,74,U,100,2,0,VA,"Yesterday, attempted to reach the attorney assigned to the file. touching on UIM. At this time, the claimant is scheduled for a follow-up appointment. The story covers Claims involving underinsured motorist coverage and litigation.",0.566204786,0,,
85-815958,Commercial Auto BI,1,0,Unknown,VA,N,Y4,J4,Y,Y,N,VA,rearendacc,12,U,100,2,0,TX,"This morning, attempted to reach the attorney assigned to the file. involving underinsured motorist, UIM and claims. Therefore, the claimant is scheduled for a follow-up appointment. The claim relates to Claims involving underinsured motorist coverage and litigation.",0.565206349,0,,
85-283311,Commercial Auto BI,0,0,Dallas,NC,N,NN,J7,N,N,N,NC,rearendacc,12,U,100,2,0,IL,"On December 01, verified the status of the claim file. The note describes Claim rekeyed for special accounting purposes. At this time, the insured has not responded.",0.564902723,0,,
85-397387,Commercial Auto BI,0,0,Houston,TX,N,Y4,J4,Y,N,N,TX,rearend,83,U,100,2,0,TX,"On November 14, left a voicemail requesting a return call. This matter deals with Claim rekeyed for special accounting purposes. the attorney has yet to respond.",0.563413739,0,,
85-137281,Commercial Auto BI,0,0,Atlanta,GA,N,Y4,3,N,Y,N,GA,vehcollision,25,U,100,1,0,GA,"This morning, checked the diary for pending follow-ups regarding the commercial auto accident matter. related to multiple parties. The note describes Involved in a commercial auto accident with multiple parties and injuries reported. As of now, additional information is still pending.",0.560771167,0,,
85-574528,Commercial Auto BI,0,0,Lowell,MA,N,NN,J7,Y,N,N,MA,otherobjcoll,60,U,501,2,129480,MA,"Today, spoke with the medical provider regarding treatment. At this time, no response was received at this time. This claim case focuses on Claims involving commercial vehicles and liability.",0.558007836,0,,
85-403888,Commercial Auto BI,0,0,Memphis,TN,N,NN,J3,N,Y,N,TN,vehcollision,14,U,501,3,0,TN,"Earlier this week, reviewed the claim handling plan and next steps regarding the claim rekey matter. involving claim rekey. This claim case focuses on Claim rekeyed for special accounting purposes. As of now, the file remains open for review.",0.557815075,0,,
85-777206,Commercial Auto BI,1,0,Unknown,UT,N,NN,J4,Y,N,N,UT,vehcollision,14,U,501,3,0,UT,"This morning, discussed the claim with the adjuster team. The note describes Claims related to commercial auto liability, including accidents and injuries. As of now, the claimant requested more time to provide documentation.",0.556766987,0,,
85-751614,Commercial Auto BI,0,0,Baltimore,TN,N,NN,J4,Y,N,N,TN,rearendacc,44,U,118,2,0,MA,"As of November 08, discussed the claim with the adjuster team. This matter deals with Claims involving underinsured motorist coverage and litigation. Therefore, awaiting documentation.",0.553141356,0,,
85-798928,Commercial Auto BI,0,0,Dallas,TX,N,OT,J3,N,N,N,TX,vehcollision,19,U,100,2,0,TX,"This morning, initiated discussion with case manager on next steps. The claim relates to Claims related to commercial auto liability, including accidents and injuries. However, the claimant is scheduled for a follow-up appointment.",0.552886307,0,,
85-198464,Commercial Auto BI,1,0,Springfield,MA,N,Y4,3,Y,N,N,MA,rearendacc,2,U,100,2,0,TX,"Earlier this month, spoke with the claimant about the status. This claim case focuses on Involved in a commercial auto accident with multiple parties and injuries reported. However, no new updates were provided.",0.551535964,0,,
85-414127,Commercial Auto BI,0,0,Baltimore,CO,N,Y4,J3,N,Y,N,CO,IntersectonAcc,43,U,100,1,0,CO,"This afternoon, attempted to contact the claimant. This matter deals with Claims involving underinsured motorist coverage and litigation. with respect to claims, UIM and underinsured motorist. Consequently, the claimant has not returned the call. It's noted that lor recd forward letter and attorney office handling aspects claim and UIM claim",0.551027417,0,,
85-032417,Commercial Auto BI,0,0,New York,NY,N,OT,J3,N,Y,N,NY,rearend,15,U,100,3,0,NY,"This afternoon, sent an email requesting updates. with focus on coverage, liability and dispute. the claimant is scheduled for a follow-up appointment. The claim relates to Claims involving coverage and liability disputes.",0.550980449,0,,
85-331463,Commercial Auto BI,0,0,Houston,MA,Y,Y4,J3,Y,N,N,MA,vehcollision,0,U,100,2,0,MA,"As of October 16, discussed the claim with the adjuster team regarding the claim rekey matter. The case revolves around Claim rekeyed for special accounting purposes. However, medical records are still outstanding.",0.549235404,0,,
85-815324,Commercial Auto BI,0,0,Unknown,MA,N,Y4,J4,N,Y,N,MA,vehcollision,17,U,100,2,519156,MA,"This afternoon, received updated records from the claimant. This claim involves Claims involving coverage and liability disputes. the claimant has not returned the call.",0.54877913,0,,
85-518240,Commercial Auto BI,1,0,San Antonio,TX,N,Y4,J4,Y,N,N,TX,vehcollision,70,U,100,2,0,TX,"Recently, left a voicemail requesting a return call. At issue is Claim rekeyed for special accounting purposes. involving claim rekey and special accounting. treatment appears to be ongoing. Additional notes mention claim rekey clm1900730474",0.545147836,0,,
85-531081,Commercial Auto BI,0,0,Unknown,CA,N,NN,J4,N,Y,N,CA,vehcollision,51,U,100,2,0,NJ,"Today, attempted to contact the insured party regarding the commercial auto accident matter. This claim case focuses on Involved in a commercial auto accident with multiple parties and injuries reported. Therefore, the attorney has yet to respond.",0.544850886,0,,
85-720065,Commercial Auto BI,0,0,Memphis,TN,N,Y4,J4,Y,Y,N,TN,vehcollision,35,U,501,3,0,TN,"Earlier this month, reviewed medical records and documents received to date regarding the commercial auto accident matter. This claim case focuses on Involved in a commercial auto accident with multiple parties and injuries reported. Currently, the attorney has yet to respond.",0.539934576,0,,
85-221446,Commercial Auto BI,1,0,Los Angeles,CA,N,Y4,J4,N,Y,N,CA,vehcollision,51,U,100,3,0,NJ,"On November 12, reviewed medical records and documents received to date. The story covers Claims involving commercial vehicles and liability. with respect to accident and commercial auto. As of now, awaiting return call. Further information reflects sent contact ltr clmt and vehicle involved loss and driver jose santos accident",0.539822161,0,,
85-192697,Commercial Auto BI,0,0,Sterling Heights,MI,N,OT,1,N,N,N,MI,otherobjcoll,33,U,100,3,0,MI,"As of August 26, discussed the claim with the adjuster team regarding the injury claims matter. It concerns Claims involving injuries to individuals. As of now, the attorney has yet to respond.",0.535481572,0,,
85-691821,Commercial Auto BI,0,0,Unknown,WI,N,Y4,3,N,Y,N,WI,lanecharge,0,U,100,2,0,VA,"This morning, reviewed liability and coverage details. This claim case focuses on Claims related to commercial auto liability, including accidents and injuries. As of now, the attorney has yet to respond.",0.535250664,0,,
85-206608,Commercial Auto BI,0,0,Los Angeles,CA,N,Y4,J4,Y,Y,N,CA,lefthandturn,26,U,100,2,0,FL,"This morning, received updated records from the claimant. Currently, the claimant is scheduled for a follow-up appointment. The case revolves around Claims involving injuries to individuals.",0.535009861,0,,
85-080030,Commercial Auto BI,0,0,Atlanta,GA,N,NN,J4,N,Y,N,GA,rearend,0,U,501,2,6933,GA,"Recently, attempted to reach the attorney assigned to the file. This claim case focuses on Claims involving damage to vehicles. At this time, the claim is pending further review.",0.532124937,0,,
85-966042,Commercial Auto BI,0,0,Unknown,CT,N,NN,J4,N,N,N,CT,vehcollision,2,U,100,2,0,OR,"Earlier this month, reviewed the claim handling plan and next steps. At issue is Involved in a commercial auto accident with multiple parties and injuries reported. Currently, no response was received at this time.",0.53109771,0,,
85-466678,Commercial Auto BI,0,0,Baltimore,UT,N,NN,J4,N,N,N,UT,rearendacc,40,U,115,2,0,MA,"Earlier this week, attempted to reach the attorney assigned to the file regarding the claim rekey matter. touching on special accounting and claim rekey. The story covers Claim rekeyed for special accounting purposes. At this time, awaiting documentation.",0.52863729,0,,
85-296691,Commercial Auto BI,0,0,Dallas,MO,N,Y4,J4,N,Y,U,MO,rearendacc,40,U,115,2,0,NY,"Earlier this week, verified the status of the claim file regarding the uim claims matter. involving litigation and UIM. This claim involves Claims involving underinsured motorist coverage and litigation. At this time, medical records are still outstanding.",0.527356565,0,,
85-796393,Commercial Auto BI,0,0,Los Angeles,CA,N,Y4,J7,N,N,N,CA,pedcollision,null,U,100,2,0,CA,"Earlier this month, received updated records from the claimant. covering underinsured motorist, claims and UIM. Consequently, the claim is pending further review. It concerns Claims involving underinsured motorist coverage and litigation. It also records that lor recd forward letter and attorney office handling aspects claim and UIM claim",0.523691177,0,,
85-412060,Commercial Auto BI,0,0,Philadelphia,PA,N,Y4,J4,N,N,N,PA,rearend,47,U,100,3,0,TX,"Recently, sent an email requesting updates regarding the commercial auto liability matter. involving accidents. The note describes Claims related to commercial auto liability, including accidents and injuries. At this time, no response was received at this time.",0.514644265,0,,
85-262323,Commercial Auto BI,0,0,Unknown,CT,N,Y4,J4,N,N,N,CT,rearendacc,79,U,100,2,0,CT,"Recently, monitored the claim file for new developments. involving commercial auto, injuries and accidents. However, the insured has not responded. At issue is Claims related to commercial auto liability, including accidents and injuries. It also records that v1 nerys cruz ov and div requested andover police and bap dol within policy effect dates",0.510868311,0,,
85-181568,Commercial Auto BI,0,0,Washington,FL,N,Y4,J7,N,N,N,FL,vehcollision,51,U,100,3,0,FL,"This afternoon, monitored the claim file for new developments. At issue is Claims related to commercial auto liability, including accidents and injuries. Currently, the claimant is scheduled for a follow-up appointment.",0.507878959,0,,
85-977990,Commercial Auto BI,0,0,New York,NY,N,OT,J3,N,Y,N,NY,bikecollision,69,U,100,2,0,NY,"As of October 10, attempted to contact the claimant. This claim case focuses on Claims involving damage to vehicles. involving total loss, vehicle damage and repair. However, the insured has not responded. Further details show invoice added took statement and confirmed policy address and ivov016 2024 ford f250",0.507849097,0,,
85-444303,Commercial Auto BI,0,0,Memphis,TN,N,OT,J4,N,Y,U,TN,vehcollision,90,U,100,2,0,TX,"Earlier this month, contacted the doctor about the claimant's progress. The note describes Claim rekeyed for special accounting purposes. Currently, the claimant is scheduled for a follow-up appointment.",0.505548239,0,,
85-428754,Commercial Auto BI,1,0,Houston,WA,N,NN,J4,N,N,N,WA,vehcollision,16,U,100,2,0,NY,"Earlier this month, received updated records from the claimant. with focus on multiple parties, commercial auto and injuries. At this time, the attorney indicated they would follow up. This file is about Involved in a commercial auto accident with multiple parties and injuries reported.",0.504718482,0,,
85-420066,Commercial Auto BI,1,0,Unknown,NH,N,NN,J4,N,Y,N,NH,vehcollision,19,U,100,2,0,NH,"Yesterday, followed up regarding outstanding documentation. The claim relates to Claims related to commercial auto liability, including accidents and injuries. with respect to commercial auto, injuries and accidents. Currently, there is a gap in treatment requiring clarification. Additional notes mention v1 nerys cruz ov and div requested andover police and bap dol within policy effect dates",0.503555238,0,,
85-674878,Commercial Auto BI,1,0,Atlanta,TX,N,Y4,J7,N,N,N,TX,vehcollision,61,U,501,2,0,OH,"Recently, contacted the doctor about the claimant's progress regarding the claim rekey matter. with focus on claim rekey. The note describes Claim rekeyed for special accounting purposes. At this time, no new updates were provided.",0.501633644,0,,
